Median,NMAD,Valid count
363.3232421875,291.8225402832031,1309704
