Median,NMAD,Valid count
2.766407012939453,3.805830478668213,1312020
