Median,NMAD,Valid count
0.25530242919921875,2.406555414199829,1309704
