median,nmad,validcount
318.2947692871094,278.09991455078125,1312020
