median,nmad,validcount
360.646240234375,290.2238464355469,1312020
